Sample.ID,TA,Mass,Tank,Type
20181017_JUNK11,2157.363123,59.81,Junk11,Junk
20181017_CRM1,2202.393214,59.51,CRM1,CRM
20181017_CRM2,2203.223614,59.89,CRM2,CRM
