Sample.ID,TA,Mass,Tank,Type
20180916_Tank9A,2206.835702,59.9,TANK9,TANK
20180916_Tank9B,2205.425772,59.92,TANK9,TANK
20180916_Tank9C,2197.370183,59.28,TANK9,TANK
20180916_Tank9D,2202.213547,59.26,TANK9,TANK
20180916_Tank9E,2191.886077,59.45,TANK9,TANK
20180916_Tank9F,2194.99503,59.28,TANK9,TANK
20180916_Tank9G,2199.166223,59.17,TANK9,TANK
20180916_Tank9H,2197.711677,59.63,TANK9,TANK
20180916_Tank9I,2189.210842,59.07,TANK9,TANK