Treatment,N,pH,sd,se,ci
ATAC,39783,7.922597591936254,0.1893974610221839,9.495665070611005e-4,0.001861172780794073
ATHC,39783,7.928418168564463,2.4947892866776376,0.01250792030694891,0.024515819214900793
HTAC,39783,7.873573134253324,0.0842463385103939,4.223789535522432e-4,8.278727247496901e-4
HTHC,39783,7.919493753613352,2.448721003589647,0.012276951536712644,0.024063114970194786
