Treatment,N,Temperature,sd,se,ci
ATAC,7688,27.10267152271939,0.8151063001808332,0.009296245036221689,0.01822317480399527
ATHC,7691,27.15352630780566,0.8121254038557264,0.00926044144672928,0.018152988891840832
HTAC,7691,29.470629350322888,0.36879310734713777,0.004205245840520734,0.008243427861356945
HTHC,7690,29.595090528825313,0.38401968701268213,0.004379155021387322,0.008584337425348478
