Treatment,N,Temperature,sd,se,ci
ATAC,24210,27.089852994630316,0.8255427953337742,0.005305693974915286,0.01039948904119474
ATHC,24210,27.138627054935977,0.8212532469367008,0.005278125408858988,0.010345452943006756
HTAC,24210,29.422920239570427,0.6187510242920664,0.003976660689324739,0.007794501427090476
HTHC,24210,29.56071726559273,0.5864647444053022,0.003769159489343489,0.007387786214067996
